-- 놀면 뭐하니 프로젝트 총 sql 쿼리 실행
DROP TABLE "ADMIN";

CREATE TABLE "ADMIN" (
	"ADMIN_NO"	NUMBER		NOT NULL,
	"PERMISSION_NO"	NUMBER		NOT NULL,
	"ADMIN_ID"	VARCHAR2(100)		NOT NULL,
	"ADMIN_PWD"	VARCHAR2(100)		NOT NULL,
	"ADMIN_NAME"	VARCHAR2(100)		NULL
);

DROP TABLE "FREEBOARD";

CREATE TABLE "FREEBOARD" (
	"BOARD_NO"	NUMBER		NOT NULL,
	"MEMBER_NO"	NUMBER		NOT NULL,
	"TITLE"	VARCHAR2(100)		NOT NULL,
	"CONTENT"	VARCHAR2(1000)		NOT NULL,
	"ENROLL_DATE"	TIMESTAMP	DEFAULT SYSDATE	NOT NULL,
	"DELETE_YN"	CHAR(1)	DEFAULT 'N'	NOT NULL
);

COMMENT ON COLUMN "FREEBOARD"."BOARD_NO" IS '게시판 게시물번호';

COMMENT ON COLUMN "FREEBOARD"."MEMBER_NO" IS '게시판작성자';

COMMENT ON COLUMN "FREEBOARD"."TITLE" IS '게시판제목';

COMMENT ON COLUMN "FREEBOARD"."CONTENT" IS '게시판내용';

COMMENT ON COLUMN "FREEBOARD"."ENROLL_DATE" IS '게시판작성일시';

COMMENT ON COLUMN "FREEBOARD"."DELETE_YN" IS '게시판삭제여부';

DROP TABLE "MEMBER";

CREATE TABLE "MEMBER" (
	"MEMBER_NO"	NUMBER		NOT NULL,
	"SECURITY_Q_NO"	NUMBER		NOT NULL,
	"STATE_CODE"	CHAR(1)	DEFAULT 1	NOT NULL,
	"MEMBER_ID"	VARCHAR2(100)		NULL,
	"MEMBER_PWD"	VARCHAR2(100)		NULL,
	"MEMBER_NICK"	VARCHAR2(100)		NULL,
	"SIGN_UP_DATE"	TIMESTAMP	DEFAULT SYSDATE	NULL,
	"EMAIL"	NVARCHAR2(255)		NULL,
	"PHONE_NUMBER"	CHAR(11)		NULL,
	"SECURITY_A"	VARCHAR2(100)		NULL
);

COMMENT ON COLUMN "MEMBER"."STATE_CODE" IS '회원상태(정상이 디폴트)';

COMMENT ON COLUMN "MEMBER"."MEMBER_ID" IS '회원의  아이디를 저장';

COMMENT ON COLUMN "MEMBER"."MEMBER_PWD" IS '회원 비밀번호';

COMMENT ON COLUMN "MEMBER"."MEMBER_NICK" IS '회원이 지정한 별명';

COMMENT ON COLUMN "MEMBER"."SIGN_UP_DATE" IS '회원가입일';

COMMENT ON COLUMN "MEMBER"."EMAIL" IS '회원의 이메일';

COMMENT ON COLUMN "MEMBER"."PHONE_NUMBER" IS '회원의 핸드폰번호';

COMMENT ON COLUMN "MEMBER"."SECURITY_A" IS '비밀번호 찾기 위한 보안질문에 대한 답';

DROP TABLE "QUESTION";

CREATE TABLE "QUESTION" (
	"Q_NO"	NUMBER		NOT NULL,
	"ADMIN_NO"	NUMBER		NOT NULL,
	"MEMBER_NO"	NUMBER		NOT NULL,
	"CATEGORY_CODE"	NUMBER		NOT NULL,
	"DETAIL_CATEGORY_CODE"	NUMBER		NOT NULL,
	"Q_TITLE"	VARCHAR2(100)		NOT NULL,
	"Q_CONTENT"	VARCHAR2(1000)		NOT NULL,
	"Q_DATE"	TIMESTAMP		NOT NULL,
	"A_NO"	NUMBER		NULL,
	"A_TITLE"	VARCHAR2(100)		NULL,
	"A_CONTENT"	VARCHAR2(1000)		NULL,
	"A_DATE"	TIMESTAMP	DEFAULT SYSDATE	NULL,
	"DELETE_YN"	CHAR(1)	DEFAULT 'N'	NULL,
	"MORE_Q_NO"	NUMBER		NOT NULL
);

COMMENT ON COLUMN "QUESTION"."Q_NO" IS '고객센터문의번호';

COMMENT ON COLUMN "QUESTION"."MEMBER_NO" IS '고객센터 작성자';

COMMENT ON COLUMN "QUESTION"."Q_TITLE" IS '고객센터제목';

COMMENT ON COLUMN "QUESTION"."Q_CONTENT" IS '고객센터내용';

COMMENT ON COLUMN "QUESTION"."Q_DATE" IS '고객센터작성일자';

COMMENT ON COLUMN "QUESTION"."DELETE_YN" IS '답변삭제안함(N), 답변삭제(Y)';

DROP TABLE "CONTENTS";

CREATE TABLE "CONTENTS" (
	"CONTENTS_NO"	NUMBER		NOT NULL,
	"DIRECTOR_NO"	NUMBER		NOT NULL,
	"COUNTRY_NO"	NUMBER		NULL,
	"CATEGORY_NO"	NUMBER		NOT NULL,
	"CONTENTS_TITLE"	VARCHAR2(100)		NOT NULL,
	"SYNOPSIS"	VARCHAR2(1000)		NULL,
	"RELEASE_DATE"	TIMESTAMP		NULL,
	"CONTENTS_VIEWS"	NUMBER	DEFAULT 0	NULL,
	"DELETE_YN"	CHAR(1)	DEFAULT 'N'	NULL
);

DROP TABLE "GENRE";

CREATE TABLE "GENRE" (
	"GENRE_NO"	NUMBER		NOT NULL,
	"GENRE_NAME"	VARCHAR2(32)		NOT NULL
);

DROP TABLE "COMMENT";

CREATE TABLE "COMMENT" (
	"COMMENT_NO"	NUMBER		NOT NULL,
	"BOARD_NO"	NUMBER		NOT NULL,
	"MEMBER_NO"	NUMBER		NOT NULL,
	"C_CHAT"	VARCHAR2(1000)		NOT NULL,
	"ENROLL_DATE"	TIMESTAMP	DEFAULT SYSDATE	NULL
);

COMMENT ON COLUMN "COMMENT"."COMMENT_NO" IS '댓글번호';

COMMENT ON COLUMN "COMMENT"."BOARD_NO" IS '게시물번호';

COMMENT ON COLUMN "COMMENT"."MEMBER_NO" IS '작성자';

COMMENT ON COLUMN "COMMENT"."C_CHAT" IS '댓글내용';

COMMENT ON COLUMN "COMMENT"."ENROLL_DATE" IS '댓글작성일자';

DROP TABLE "CATEGORY";

CREATE TABLE "CATEGORY" (
	"CATEGORY_NO"	NUMBER		NOT NULL,
	"CATEGORY_NAME"	VARCHAR2(32)		NOT NULL
);

DROP TABLE "COUNTRY";

CREATE TABLE "COUNTRY" (
	"COUNTRY_NO"	NUMBER		NULL,
	"COUNTRY_NAME"	VARCHAR2(64)		NULL
);

DROP TABLE "PLATFORM";

CREATE TABLE "PLATFORM" (
	"PLATFORM_NO"	NUMBER		NULL,
	"PLATFORM_NAME"	VARCHAR2(32)		NULL
);

DROP TABLE "REVIEW";

CREATE TABLE "REVIEW" (
	"REVIEW_NO"	NUMBER		NOT NULL,
	"CONTENTS_NO"	NUMBER		NOT NULL,
	"MEMBER_NO"	NUMBER		NOT NULL,
	"REVIEW_CONTENT"	VARCHAR2(1000)		NULL,
	"REVIEW_SCORE"	NUMBER(2, 1)		NULL,
	"WRITE_DATE"	TIMESTAMP	DEFAULT SYSDATE	NULL,
	"DELETE_YN"	CHAR(1)	DEFAULT 'N'	NULL
);

DROP TABLE "STARRING";

CREATE TABLE "STARRING" (
	"STARRING_NO"	NUMBER		NOT NULL,
	"STARRING_NAME"	VARCHAR2(64)		NULL
);

DROP TABLE "EVENTBOARD";

CREATE TABLE "EVENTBOARD" (
	"EVENT_NO"	NUMBER		NOT NULL,
	"ADMIN_NO"	NUMBER		NOT NULL,
	"EVENT_TITLE"	VARCHAR2(100)		NULL,
	"EVENT_CONTENT"	VARCHAR2(2000)		NULL,
	"START_DATE"	TIMESTAMP		NULL,
	"END_DATE"	TIMESTAMP		NULL
);

DROP TABLE "MEMBER_STATE";

CREATE TABLE "MEMBER_STATE" (
	"STATE_CODE"	NUMBER		NOT NULL,
	"STATE_NAME"	CHAR(2 CHAR)		NULL
);

COMMENT ON COLUMN "MEMBER_STATE"."STATE_CODE" IS '회원상태(1. 정상, 2.제적, 3.탈퇴)';

COMMENT ON COLUMN "MEMBER_STATE"."STATE_NAME" IS '회원상태(정상, 제적, 탈퇴)';

DROP TABLE "BOARD_SANCTION";

CREATE TABLE "BOARD_SANCTION" (
	"BOARD_SANC_NO"	NUMBER		NOT NULL,
	"BOARD_NO"	NUMBER		NOT NULL,
	"SANC_CAT_NO"	NUMBER		NOT NULL
);

COMMENT ON COLUMN "BOARD_SANCTION"."BOARD_NO" IS '게시판 게시물번호';

DROP TABLE "REVIEW_SANCTION";

CREATE TABLE "REVIEW_SANCTION" (
	"REVIEW_SANC_NO"	NUMBER		NOT NULL,
	"REVIEW_NO"	NUMBER		NOT NULL,
	"SANC_CAT_NO"	NUMBER		NOT NULL
);

DROP TABLE "FAQ";

CREATE TABLE "FAQ" (
	"FAQ_NO"	NUMBER		NOT NULL,
	"ADMIN_NO"	NUMBER		NOT NULL,
	"FAQ_TITLE"	VARCHAR2(100)		NULL,
	"FAQ_CONTENT"	VARCHAR2(100)		NULL,
	"FAQ_SOLUTION"	VARCHAR2(100)		NULL,
	"GOOD_COUNT"	NUMBER	DEFAULT 0	NULL,
	"BAD_COUNT"	NUMBER	DEFAULT 0	NULL
);

DROP TABLE "PERMISSION";

CREATE TABLE "PERMISSION" (
	"PERMISSION_NO"	NUMBER		NOT NULL,
	"PERMISSION_NAME"	VARCHAR2(100)		NOT NULL,
	"PERMISSIONS"	NUMBER	DEFAULT 0	NOT NULL
);

DROP TABLE "MEMBER_SANCTION";

CREATE TABLE "MEMBER_SANCTION" (
	"SANCTION_NO"	NUMBER		NOT NULL,
	"ADMIN_NO"	NUMBER		NOT NULL,
	"MEMBER_NO"	NUMBER		NOT NULL,
	"SANC_CAT_NO"	NUMBER		NOT NULL,
	"SANCTION_DATE"	TIMESTAMP		NOT NULL,
	"EXPIRATION_DATE"	TIMESTAMP		NULL,
	"SANC_TYPE"	VARCHAR(10)		NULL,
	"BOARD_SANC_NO"	NUMBER		NOT NULL,
	"REVIEW_SANC_NO"	NUMBER		NOT NULL
);

COMMENT ON COLUMN "MEMBER_SANCTION"."SANC_TYPE" IS '게시글, 리뷰';

DROP TABLE "PWD_QUESTION";

CREATE TABLE "PWD_QUESTION" (
	"SECURITY_Q_NO"	NUMBER		NOT NULL,
	"SECURITY_Q"	VARCHAR2(100)		NULL
);

DROP TABLE "SANCTION_CATEGORY";

CREATE TABLE "SANCTION_CATEGORY" (
	"SANC_CAT_NO"	NUMBER		NOT NULL,
	"SANC_CAT_NAME"	VARCHAR(255)		NULL
);

COMMENT ON COLUMN "SANCTION_CATEGORY"."SANC_CAT_NAME" IS '욕설, 광고, 정치적/종교적, 성적';

DROP TABLE "DIRECTOR";

CREATE TABLE "DIRECTOR" (
	"DIRECTOR_NO"	NUMBER		NOT NULL,
	"DIRECTOR_NAME"	VARCHAR2(64)		NULL
);

DROP TABLE "CONTENTS_GENRE";

CREATE TABLE "CONTENTS_GENRE" (
	"CONTENTS_NO"	NUMBER		NOT NULL,
	"GENRE_NO"	NUMBER		NOT NULL
);

DROP TABLE "CONTENTS_PLATFORM";

CREATE TABLE "CONTENTS_PLATFORM" (
	"CONTENTS_NO"	NUMBER		NOT NULL,
	"PLATFORM_NO"	NUMBER		NULL
);

DROP TABLE "CONTENTS_STARRING";

CREATE TABLE "CONTENTS_STARRING" (
	"CONTENTS_NO"	NUMBER		NOT NULL,
	"STARRING_NO"	NUMBER		NOT NULL
);

DROP TABLE "EVENT1_ENTRANT_SCORE";

CREATE TABLE "EVENT1_ENTRANT_SCORE" (
	"EVENT1_E_NO"	NUMBER		NOT NULL,
	"MEMBER_NO"	NUMBER		NOT NULL,
	"EVENT_NO"	NUMBER		NOT NULL,
	"EVENT1_SCORE"	NUMBER		NULL,
	"EVENT1_E_DATE"	TIMESTAMP		NULL
);

DROP TABLE "EVENT2_ENTRANT_SCORE";

CREATE TABLE "EVENT2_ENTRANT_SCORE" (
	"EVENT2_E_NO"	NUMBER		NOT NULL,
	"MEMBER_NO"	NUMBER		NOT NULL,
	"EVENT_NO"	NUMBER		NOT NULL,
	"EVENT2_SCORE"	NUMBER		NULL,
	"EVENT2_E_DATE"	TIMESTAMP		NULL
);

DROP TABLE "QNA_CATEGORY";

CREATE TABLE "QNA_CATEGORY" (
	"CATEGORY_CODE"	NUMBER		NOT NULL,
	"CATEGORY_NAME"	VARCHAR2(100)		NULL
);

DROP TABLE "DETAIL_CATEGORY";

CREATE TABLE "DETAIL_CATEGORY" (
	"DETAIL_CATEGORY_CODE"	NUMBER		NOT NULL,
	"DETAIL_CATEGORY_NAME"	VARCHAR2(100)		NULL
);

ALTER TABLE "ADMIN" ADD CONSTRAINT "PK_ADMIN" PRIMARY KEY (
	"ADMIN_NO"
);

ALTER TABLE "FREEBOARD" ADD CONSTRAINT "PK_FREEBOARD" PRIMARY KEY (
	"BOARD_NO"
);

ALTER TABLE "MEMBER" ADD CONSTRAINT "PK_MEMBER" PRIMARY KEY (
	"MEMBER_NO"
);

ALTER TABLE "QUESTION" ADD CONSTRAINT "PK_QUESTION" PRIMARY KEY (
	"Q_NO"
);

ALTER TABLE "CONTENTS" ADD CONSTRAINT "PK_CONTENTS" PRIMARY KEY (
	"CONTENTS_NO"
);

ALTER TABLE "GENRE" ADD CONSTRAINT "PK_GENRE" PRIMARY KEY (
	"GENRE_NO"
);

ALTER TABLE "COMMENT" ADD CONSTRAINT "PK_COMMENT" PRIMARY KEY (
	"COMMENT_NO"
);

ALTER TABLE "CATEGORY" ADD CONSTRAINT "PK_CATEGORY" PRIMARY KEY (
	"CATEGORY_NO"
);

ALTER TABLE "COUNTRY" ADD CONSTRAINT "PK_COUNTRY" PRIMARY KEY (
	"COUNTRY_NO"
);

ALTER TABLE "PLATFORM" ADD CONSTRAINT "PK_PLATFORM" PRIMARY KEY (
	"PLATFORM_NO"
);

ALTER TABLE "REVIEW" ADD CONSTRAINT "PK_REVIEW" PRIMARY KEY (
	"REVIEW_NO"
);

ALTER TABLE "STARRING" ADD CONSTRAINT "PK_STARRING" PRIMARY KEY (
	"STARRING_NO"
);

ALTER TABLE "EVENTBOARD" ADD CONSTRAINT "PK_EVENTBOARD" PRIMARY KEY (
	"EVENT_NO"
);

ALTER TABLE "MEMBER_STATE" ADD CONSTRAINT "PK_MEMBER_STATE" PRIMARY KEY (
	"STATE_CODE"
);

ALTER TABLE "BOARD_SANCTION" ADD CONSTRAINT "PK_BOARD_SANCTION" PRIMARY KEY (
	"BOARD_SANC_NO"
);

ALTER TABLE "REVIEW_SANCTION" ADD CONSTRAINT "PK_REVIEW_SANCTION" PRIMARY KEY (
	"REVIEW_SANC_NO"
);

ALTER TABLE "FAQ" ADD CONSTRAINT "PK_FAQ" PRIMARY KEY (
	"FAQ_NO"
);

ALTER TABLE "PERMISSION" ADD CONSTRAINT "PK_PERMISSION" PRIMARY KEY (
	"PERMISSION_NO"
);

ALTER TABLE "MEMBER_SANCTION" ADD CONSTRAINT "PK_MEMBER_SANCTION" PRIMARY KEY (
	"SANCTION_NO"
);

ALTER TABLE "PWD_QUESTION" ADD CONSTRAINT "PK_PWD_QUESTION" PRIMARY KEY (
	"SECURITY_Q_NO"
);

ALTER TABLE "SANCTION_CATEGORY" ADD CONSTRAINT "PK_SANCTION_CATEGORY" PRIMARY KEY (
	"SANC_CAT_NO"
);

ALTER TABLE "DIRECTOR" ADD CONSTRAINT "PK_DIRECTOR" PRIMARY KEY (
	"DIRECTOR_NO"
);

ALTER TABLE "EVENT1_ENTRANT_SCORE" ADD CONSTRAINT "PK_EVENT1_ENTRANT_SCORE" PRIMARY KEY (
	"EVENT1_E_NO"
);

ALTER TABLE "EVENT2_ENTRANT_SCORE" ADD CONSTRAINT "PK_EVENT2_ENTRANT_SCORE" PRIMARY KEY (
	"EVENT2_E_NO"
);

ALTER TABLE "QNA_CATEGORY" ADD CONSTRAINT "PK_QNA_CATEGORY" PRIMARY KEY (
	"CATEGORY_CODE"
);

ALTER TABLE "DETAIL_CATEGORY" ADD CONSTRAINT "PK_DETAIL_CATEGORY" PRIMARY KEY (
	"DETAIL_CATEGORY_CODE"
);

-- 멤버 테이블
INSERT INTO MEMBER_STATE(STATE_CODE, STATE_NAME) VALUES(1, '정상');

INSERT INTO MEMBER_STATE(STATE_CODE, STATE_NAME) VALUES(2, '제적');

INSERT INTO MEMBER_STATE(STATE_CODE, STATE_NAME) VALUES(3, '탈퇴');

-- 멤버 테이블의 더미 데이터를 넣기

DROP SEQUENCE MEMBER_NO;
CREATE SEQUENCE MEMBER_NO
INCREMENT BY 1
START WITH 1
;

INSERT INTO PWD_QUESTION(SECURITY_Q_NO, SECURITY_Q) VALUES(

		1, '태어난 지역은?'
);

INSERT INTO PWD_QUESTION(SECURITY_Q_NO, SECURITY_Q) VALUES(

    2, '제일 좋아하는 음식은?'

);

INSERT INTO PWD_QUESTION(SECURITY_Q_NO, SECURITY_Q) VALUES(

    3, '당신의 인생 좌우명은?'

);

INSERT INTO MEMBER(MEMBER_NO, SECURITY_Q_NO, MEMBER_ID, MEMBER_PWD, MEMBER_NICK, EMAIL, PHONE_NUMBER, SECURITY_A) VALUES
(
MEMBER_NO.NEXTVAL, 1, 'user01', '1234', '첫번째유저', 'oracle95@gmail.com', '01094637584', '서울'
);

INSERT INTO MEMBER(MEMBER_NO, SECURITY_Q_NO, MEMBER_ID, MEMBER_PWD, MEMBER_NICK, EMAIL, PHONE_NUMBER, SECURITY_A) VALUES (

MEMBER_NO.NEXTVAL, 2, 'user02', '5678', '놀뭐', 'nolmeo02@naver.com', '01027388352', '치킨'

);

INSERT INTO MEMBER(MEMBER_NO, SECURITY_Q_NO, MEMBER_ID, MEMBER_PWD,

MEMBER_NICK, EMAIL, PHONE_NUMBER, SECURITY_A) VALUES (

MEMBER_NO.NEXTVAL, 3, 'user03', '0000', '루피', 'loopy12@hanmail.net', '01033912591', '사람은 어려움 속에서 성장한다'

);

-- 콘텐츠 카테고리

CREATE SEQUENCE CONTENTS_CATEGORY_NO_SEQ
    INCREMENT BY 1
    START WITH 1
    MINVALUE 1
    MAXVALUE 9999
    NOCYCLE
;

INSERT INTO CATEGORY VALUES (CONTENTS_CATEGORY_NO_SEQ.NEXTVAL, '영화');
INSERT INTO CATEGORY VALUES (CONTENTS_CATEGORY_NO_SEQ.NEXTVAL, '드라마');
INSERT INTO CATEGORY VALUES (CONTENTS_CATEGORY_NO_SEQ.NEXTVAL, '예능');

-- 감독

CREATE SEQUENCE DIRECTOR_NO_SEQ
    INCREMENT BY 1
    START WITH 1
    MINVALUE 1
    MAXVALUE 9999
    NOCYCLE
;

INSERT INTO DIRECTOR VALUES (DIRECTOR_NO_SEQ.NEXTVAL, '봉준호');
INSERT INTO DIRECTOR VALUES (DIRECTOR_NO_SEQ.NEXTVAL, '제임스 카메론');
INSERT INTO DIRECTOR VALUES (DIRECTOR_NO_SEQ.NEXTVAL, '신카이 마코토');
INSERT INTO DIRECTOR VALUES (DIRECTOR_NO_SEQ.NEXTVAL, '페이턴 리드');
INSERT INTO DIRECTOR VALUES (DIRECTOR_NO_SEQ.NEXTVAL, '조지프 코신스키');
INSERT INTO DIRECTOR VALUES (DIRECTOR_NO_SEQ.NEXTVAL, '앤드류 리나레스');
INSERT INTO DIRECTOR VALUES (DIRECTOR_NO_SEQ.NEXTVAL, '라지쿠마르 히라니');
INSERT INTO DIRECTOR VALUES (DIRECTOR_NO_SEQ.NEXTVAL, '저우제룬');
INSERT INTO DIRECTOR VALUES (DIRECTOR_NO_SEQ.NEXTVAL, '이노우에 다케히코');
INSERT INTO DIRECTOR VALUES (DIRECTOR_NO_SEQ.NEXTVAL, '정대윤');
INSERT INTO DIRECTOR VALUES (DIRECTOR_NO_SEQ.NEXTVAL, '김은숙');
INSERT INTO DIRECTOR VALUES (DIRECTOR_NO_SEQ.NEXTVAL, '폴 맥기건');
INSERT INTO DIRECTOR VALUES (DIRECTOR_NO_SEQ.NEXTVAL, '장호기');
INSERT INTO DIRECTOR VALUES (DIRECTOR_NO_SEQ.NEXTVAL, '미조구치 켄지');
INSERT INTO DIRECTOR VALUES (DIRECTOR_NO_SEQ.NEXTVAL, '조효진');

-- 국가

CREATE SEQUENCE COUNTRY_NO_SEQ
    INCREMENT BY 1
    START WITH 1
    MINVALUE 1
    MAXVALUE 9999
    NOCYCLE
;

INSERT INTO COUNTRY VALUES (COUNTRY_NO_SEQ.NEXTVAL, '한국');
INSERT INTO COUNTRY VALUES (COUNTRY_NO_SEQ.NEXTVAL, '미국');
INSERT INTO COUNTRY VALUES (COUNTRY_NO_SEQ.NEXTVAL, '일본');
INSERT INTO COUNTRY VALUES (COUNTRY_NO_SEQ.NEXTVAL, '대만');
INSERT INTO COUNTRY VALUES (COUNTRY_NO_SEQ.NEXTVAL, '영국');
INSERT INTO COUNTRY VALUES (COUNTRY_NO_SEQ.NEXTVAL, '인도');
INSERT INTO COUNTRY VALUES (COUNTRY_NO_SEQ.NEXTVAL, '프랑스');

-- OTT 컨텐츠

CREATE SEQUENCE CONTENTS_NO_SEQ
    INCREMENT BY 1
    START WITH 1
    MINVALUE 1
    MAXVALUE 9999
    NOCYCLE
;

INSERT INTO CONTENTS
VALUES ( CONTENTS_NO_SEQ.NEXTVAL,
        (SELECT DIRECTOR_NO FROM DIRECTOR WHERE DIRECTOR_NAME = '제임스 카메론'),
        (SELECT COUNTRY_NO FROM COUNTRY WHERE COUNTRY_NAME = '미국'),
        (SELECT CATEGORY_NO FROM CATEGORY WHERE CATEGORY_NAME = '영화'),
        '아바타: 물의 길',
        '<아바타: 물의 길>은 판도라 행성에서
        제이크 설리와 네이티리가 이룬 가족이 겪게 되는 무자비한 위협과
        살아남기 위해 떠나야 하는 긴 여정과 전투,
        그리고 견뎌내야 할 상처에 대한 이야기를 그렸다.',
        '22/12/14'
        ,DEFAULT
        ,DEFAULT
);

INSERT INTO CONTENTS
VALUES ( CONTENTS_NO_SEQ.NEXTVAL,
        (SELECT DIRECTOR_NO FROM DIRECTOR WHERE DIRECTOR_NAME = '봉준호'),
        (SELECT COUNTRY_NO FROM COUNTRY WHERE COUNTRY_NAME = '한국'),
        (SELECT CATEGORY_NO FROM CATEGORY WHERE CATEGORY_NAME = '영화'),
        '기생충',
        '“폐 끼치고 싶진 않았어요”
        전원백수로 살 길 막막하지만 사이는 좋은 기택(송강호) 가족.
        장남 기우(최우식)에게 명문대생 친구가 연결시켜 준 고액 과외 자리는
        모처럼 싹튼 고정수입의 희망이다.
        온 가족의 도움과 기대 속에 박사장(이선균) 집으로 향하는 기우.
        글로벌 IT기업 CEO인 박사장의 저택에 도착하자
        젊고 아름다운 사모님 연교(조여정)가 기우를 맞이한다.
 
         그러나 이렇게 시작된 두 가족의 만남 뒤로, 걷잡을 수 없는 사건이 기다리고 있었으니…',
        '19/05/30'
        ,DEFAULT
        ,DEFAULT
);

INSERT INTO CONTENTS
VALUES ( CONTENTS_NO_SEQ.NEXTVAL,
        (SELECT DIRECTOR_NO FROM DIRECTOR WHERE DIRECTOR_NAME = '신카이 마코토'),
        (SELECT COUNTRY_NO FROM COUNTRY WHERE COUNTRY_NAME = '일본'),
        (SELECT CATEGORY_NO FROM CATEGORY WHERE CATEGORY_NAME = '영화'),
        '너의 이름은.',
        '아직 만난 적 없는 너를, 찾고 있어
 
        천년 만에 다가오는 혜성
        기적이 시작된다
 
        도쿄에 사는 소년 ‘타키’와 시골에 사는 소녀 ‘미츠하’는
        서로의 몸이 뒤바뀌는 신기한 꿈을 꾼다
        낯선 가족, 낯선 친구들, 낯선 풍경들...
        반복되는 꿈과 흘러가는 시간 속, 마침내 깨닫는다
        우리, 서로 뒤바뀐 거야?
 
        절대 만날 리 없는 두 사람
        반드시 만나야 하는 운명이 되다
 
        서로에게 남긴 메모를 확인하며
        점점 친구가 되어가는 ‘타키’와 ‘미츠하’
        언제부턴가 더 이상 몸이 바뀌지 않자
        자신들이 특별하게 이어져있었음을 깨달은
        ‘타키’는 ‘미츠하’를 만나러 가는데...',
        '17/01/04'
        ,DEFAULT
        ,DEFAULT
);

INSERT INTO CONTENTS
VALUES ( CONTENTS_NO_SEQ.NEXTVAL,
        (SELECT DIRECTOR_NO FROM DIRECTOR WHERE DIRECTOR_NAME = '라지쿠마르 히라니'),
        (SELECT COUNTRY_NO FROM COUNTRY WHERE COUNTRY_NAME = '인도'),
        (SELECT CATEGORY_NO FROM CATEGORY WHERE CATEGORY_NAME = '영화'),
        '세얼간이',
        '‘알 이즈 웰’을 외치던 유쾌한 세 남자가 돌아왔다!
        천재들만 간다는 일류 명문대 ICE, 성적과 취업만을 강요하는 학교를 발칵 뒤집어 놓은 대단한 녀석 란초!
        아버지가 정해준 꿈, `공학자`가 되기 위해 정작 본인이 좋아하는 일은 포기하고 공부만하는 파파보이 파르한!
        찢어지게 가난한 집, 병든 아버지와 식구들을 책임지기 위해 무조건 대기업에 취직해야만 하는 라주!
        친구의 이름으로 뭉친 `세 얼간이`!
        삐딱한 천재들의 진정한 꿈을 찾기 위한 세상 뒤집기 한판이 시작된다!',
        '11/08/18'
        ,DEFAULT
        ,DEFAULT
);

INSERT INTO CONTENTS
VALUES ( CONTENTS_NO_SEQ.NEXTVAL,
        (SELECT DIRECTOR_NO FROM DIRECTOR WHERE DIRECTOR_NAME = '정대윤'),
        (SELECT COUNTRY_NO FROM COUNTRY WHERE COUNTRY_NAME = '한국'),
        (SELECT CATEGORY_NO FROM CATEGORY WHERE CATEGORY_NAME = '드라마'),
        '재벌집 막내아들',
        '아무것도 못 가진 흙수저 윤현우(송중기)가 모든 것을 가진 금수저, 재벌집 막내아들 진도준으로 다시 살게 된 건 환생이었을까, 빙의였을까?
        혹은, 환생도 빙의도 아닌 시간 여행이었을까? 모든 것이 그저 혼란스럽기만 한 상황. 마침내 모두가 감추고 싶어했던 비밀이 밝혀지는데..',
        '22/11/18'
        ,DEFAULT
        ,DEFAULT
);

INSERT INTO CONTENTS
VALUES ( CONTENTS_NO_SEQ.NEXTVAL,
        (SELECT DIRECTOR_NO FROM DIRECTOR WHERE DIRECTOR_NAME = '미조구치 켄지'),
        (SELECT COUNTRY_NO FROM COUNTRY WHERE COUNTRY_NAME = '일본'),
        (SELECT CATEGORY_NO FROM CATEGORY WHERE CATEGORY_NAME = '드라마'),
        '고독한 미식가',
        'TV 도쿄에서 만화를 원작으로 한 동명의 드라마
        매 화의 줄거리는 <일을 끝내고 → 배가 고파졌다 → 식당에 들어가 음식을 주문한다 → 맛있게 먹는다 → 식당에서 나와 몇 마디 말을 하고 떠난다>',
        '12/01/05'
        ,DEFAULT
        ,DEFAULT
);

INSERT INTO CONTENTS
VALUES ( CONTENTS_NO_SEQ.NEXTVAL,
        (SELECT DIRECTOR_NO FROM DIRECTOR WHERE DIRECTOR_NAME = '김은숙'),
        (SELECT COUNTRY_NO FROM COUNTRY WHERE COUNTRY_NAME = '한국'),
        (SELECT CATEGORY_NO FROM CATEGORY WHERE CATEGORY_NAME = '드라마'),
        '더 글로리',
        '더 글로리는 유년 시절 폭력으로 영혼까지 부서진 한 여자가 온 생을 걸어 치밀하게 준비한 처절한 복수와 그 소용돌이에 빠져드는 이들의 이야기다. 우연은 단 하나도 없는 동은의 치밀한 설계에 서서히 걸려드는 가해자',
        '22/12/30'
        ,DEFAULT
        ,DEFAULT
);

INSERT INTO CONTENTS
VALUES ( CONTENTS_NO_SEQ.NEXTVAL,
        (SELECT DIRECTOR_NO FROM DIRECTOR WHERE DIRECTOR_NAME = '폴 맥기건'),
        (SELECT COUNTRY_NO FROM COUNTRY WHERE COUNTRY_NAME = '영국'),
        (SELECT CATEGORY_NO FROM CATEGORY WHERE CATEGORY_NAME = '드라마'),
        '셜록',
        '군의관이였던 왓슨은 전역 후에도 참사으로 인한 후유증을 앓으며 상담치료를 받으며 살고 있었다. 그러다 런던에서 생활을 위해 공동 세입자를 구하던 왓슨은 의대 동기로부터 룸메이트로 셜록을 소개 받는데..
        21세기에 부활한 셜록과 왓슨과 살인 사건들',
        '10/07/25'
        ,DEFAULT
        ,DEFAULT
);

INSERT INTO CONTENTS
VALUES ( CONTENTS_NO_SEQ.NEXTVAL,
        (SELECT DIRECTOR_NO FROM DIRECTOR WHERE DIRECTOR_NAME = '장호기'),
        (SELECT COUNTRY_NO FROM COUNTRY WHERE COUNTRY_NAME = '한국'),
        (SELECT CATEGORY_NO FROM CATEGORY WHERE CATEGORY_NAME = '예능'),
        '피지컬100',
        '가장 완벽한 신체 능력을 갖춘 최고의 ‘몸’을 찾기 위해, 최강의 신체 능력을 자부하는 100인이 벌이는 대한민국의 생존 경쟁 예능이다.',
        '23/01/24'
        ,DEFAULT
        ,DEFAULT
);

INSERT INTO CONTENTS
VALUES ( CONTENTS_NO_SEQ.NEXTVAL,
        (SELECT DIRECTOR_NO FROM DIRECTOR WHERE DIRECTOR_NAME = '조효진'),
        (SELECT COUNTRY_NO FROM COUNTRY WHERE COUNTRY_NAME = '한국'),
        (SELECT CATEGORY_NO FROM CATEGORY WHERE CATEGORY_NAME = '예능'),
        '런닝맨',
        '버라이어티 예능이 점점 사라지고 있는 요즘 10년 넘게 일요일 저녁을 책임지고 있는 대한민국 대표 버라이어티 중 하나. 이 프로그램은 수많은 스타와 멤버들이 함께 미션을 하는 것이 특징이며 특히 이 프로그램은 예능의 많은 요소 중 오로지 웃음에 집중한다.',
        '10/07/11'
        ,DEFAULT
        ,DEFAULT
)
;

-- 장르

CREATE SEQUENCE GENRE_NO_SEQ
    INCREMENT BY 1
    START WITH 1
    MINVALUE 1
    MAXVALUE 9999
    NOCYCLE
;

-- 장르

INSERT INTO GENRE VALUES( GENRE_NO_SEQ.NEXTVAL, '액션');
INSERT INTO GENRE VALUES( GENRE_NO_SEQ.NEXTVAL, '모험');
INSERT INTO GENRE VALUES( GENRE_NO_SEQ.NEXTVAL, 'SF');
INSERT INTO GENRE VALUES( GENRE_NO_SEQ.NEXTVAL, '스릴러');
INSERT INTO GENRE VALUES( GENRE_NO_SEQ.NEXTVAL, '드라마');
INSERT INTO GENRE VALUES( GENRE_NO_SEQ.NEXTVAL, '코미디');
INSERT INTO GENRE VALUES( GENRE_NO_SEQ.NEXTVAL, '로맨스');
INSERT INTO GENRE VALUES( GENRE_NO_SEQ.NEXTVAL, '환생/회귀');
INSERT INTO GENRE VALUES( GENRE_NO_SEQ.NEXTVAL, '시대극');
INSERT INTO GENRE VALUES( GENRE_NO_SEQ.NEXTVAL, '판타지');
INSERT INTO GENRE VALUES( GENRE_NO_SEQ.NEXTVAL, '서바이벌');
INSERT INTO GENRE VALUES( GENRE_NO_SEQ.NEXTVAL, '리얼 버라이어티');
INSERT INTO GENRE VALUES( GENRE_NO_SEQ.NEXTVAL, '스포츠');
INSERT INTO GENRE VALUES( GENRE_NO_SEQ.NEXTVAL, '데스 게임');
INSERT INTO GENRE VALUES( GENRE_NO_SEQ.NEXTVAL, '복수');
INSERT INTO GENRE VALUES( GENRE_NO_SEQ.NEXTVAL, '범죄');
INSERT INTO GENRE VALUES( GENRE_NO_SEQ.NEXTVAL, '휴먼');
INSERT INTO GENRE VALUES( GENRE_NO_SEQ.NEXTVAL, '피카레스크');
INSERT INTO GENRE VALUES( GENRE_NO_SEQ.NEXTVAL, '추리');
INSERT INTO GENRE VALUES( GENRE_NO_SEQ.NEXTVAL, '요리');

-- CONTENTS X GENRE

INSERT INTO CONTENTS_GENRE
SELECT C.CONTENTS_NO, G.GENRE_NO
FROM CONTENTS C,
    (
    SELECT GENRE_NO
    FROM GENRE
    WHERE GENRE_NAME = '액션'
        OR GENRE_NAME = '모험'   
        OR GENRE_NAME = 'SF'
        OR GENRE_NAME = '스릴러'
    ) G
WHERE C.CONTENTS_TITLE = '아바타: 물의 길'
;

INSERT INTO CONTENTS_GENRE
SELECT C.CONTENTS_NO, G.GENRE_NO
FROM CONTENTS C,
    (
    SELECT GENRE_NO
    FROM GENRE
    WHERE GENRE_NAME = '드라마'
    ) G
WHERE C.CONTENTS_TITLE = '기생충'
;

INSERT INTO CONTENTS_GENRE
SELECT C.CONTENTS_NO, G.GENRE_NO
FROM CONTENTS C,
    (
    SELECT GENRE_NO
    FROM GENRE
    WHERE GENRE_NAME = '로맨스'
    ) G
WHERE C.CONTENTS_TITLE = '너의 이름은.'
;

INSERT INTO CONTENTS_GENRE
SELECT C.CONTENTS_NO, G.GENRE_NO
FROM CONTENTS C,
    (
    SELECT GENRE_NO
    FROM GENRE
    WHERE GENRE_NAME = '코미디'
    ) G
WHERE C.CONTENTS_TITLE = '세얼간이'
;

INSERT INTO CONTENTS_GENRE
SELECT C.CONTENTS_NO, G.GENRE_NO
FROM CONTENTS C,
    (
    SELECT GENRE_NO
    FROM GENRE
    WHERE GENRE_NAME = '복수'
        OR GENRE_NAME = '환생/회귀'   
        OR GENRE_NAME = '시대극'
        OR GENRE_NAME = '스릴러'
    ) G
WHERE C.CONTENTS_TITLE = '재벌집 막내아들'
;

INSERT INTO CONTENTS_GENRE
SELECT C.CONTENTS_NO, G.GENRE_NO
FROM CONTENTS C,
    (
    SELECT GENRE_NO
    FROM GENRE
    WHERE GENRE_NAME = '복수'
        OR GENRE_NAME = '범죄'   
        OR GENRE_NAME = '스릴러'
        OR GENRE_NAME = '휴먼'
        OR GENRE_NAME = '피카레스크'
    ) G
WHERE C.CONTENTS_TITLE = '더 글로리'
;

INSERT INTO CONTENTS_GENRE
SELECT C.CONTENTS_NO, G.GENRE_NO
FROM CONTENTS C,
    (
    SELECT GENRE_NO
    FROM GENRE
    WHERE GENRE_NAME = '범죄'
        OR GENRE_NAME = '추리'
    ) G
WHERE C.CONTENTS_TITLE = '셜록'
;

INSERT INTO CONTENTS_GENRE
SELECT C.CONTENTS_NO, G.GENRE_NO
FROM CONTENTS C,
    (
    SELECT GENRE_NO
    FROM GENRE
    WHERE GENRE_NAME = '요리'
    ) G
WHERE C.CONTENTS_TITLE = '고독한 미식가'
;

INSERT INTO CONTENTS_GENRE
SELECT C.CONTENTS_NO, G.GENRE_NO
FROM CONTENTS C,
    (
    SELECT GENRE_NO
    FROM GENRE
    WHERE GENRE_NAME = '서바이벌'
        OR GENRE_NAME = '리얼 버라이어티'   
        OR GENRE_NAME = '스포츠'
        OR GENRE_NAME = '데스게임'
    ) G
WHERE C.CONTENTS_TITLE = '피지컬100'
;

INSERT INTO CONTENTS_GENRE
SELECT C.CONTENTS_NO, G.GENRE_NO
FROM CONTENTS C,
    (
    SELECT GENRE_NO
    FROM GENRE
    WHERE GENRE_NAME = '리얼 버라이어티'
    ) G
WHERE C.CONTENTS_TITLE = '런닝맨'
;

-- PLATFORM

CREATE SEQUENCE PLATFORM_NO_SEQ
    INCREMENT BY 1
    START WITH 1
    MINVALUE 1
    MAXVALUE 9999
    NOCYCLE
;

--ott 플랫폼

INSERT INTO PLATFORM VALUES( PLATFORM_NO_SEQ.NEXTVAL, '넷플릭스');
INSERT INTO PLATFORM VALUES( PLATFORM_NO_SEQ.NEXTVAL, '디즈니 플러스');
INSERT INTO PLATFORM VALUES( PLATFORM_NO_SEQ.NEXTVAL, '아마존 프라임 비디오');
INSERT INTO PLATFORM VALUES( PLATFORM_NO_SEQ.NEXTVAL, '웨이브');
INSERT INTO PLATFORM VALUES( PLATFORM_NO_SEQ.NEXTVAL, '왓챠');
INSERT INTO PLATFORM VALUES( PLATFORM_NO_SEQ.NEXTVAL, '네이버 스토어');


-- CONTENTS X FLATFORM

INSERT INTO CONTENTS_PLATFORM
SELECT C.CONTENTS_NO, F.PLATFORM_NO
FROM CONTENTS C,
    (
    SELECT PLATFORM_NO
    FROM PLATFORM
    WHERE PLATFORM_NAME = '넷플릭스'
        OR PLATFORM_NAME = '왓챠'   
        OR PLATFORM_NAME = '네이버 스토어'
    ) F
WHERE C.CONTENTS_TITLE = '기생충'
;

INSERT INTO CONTENTS_PLATFORM
SELECT C.CONTENTS_NO, F.PLATFORM_NO
FROM CONTENTS C,
    (
    SELECT PLATFORM_NO
    FROM PLATFORM
    WHERE PLATFORM_NAME = '넷플릭스'
        OR PLATFORM_NAME = '왓챠'   
        OR PLATFORM_NAME = '네이버 스토어'
    ) F
WHERE C.CONTENTS_TITLE = '너의 이름은.'
;

INSERT INTO CONTENTS_PLATFORM
SELECT C.CONTENTS_NO, F.PLATFORM_NO
FROM CONTENTS C,
    (
    SELECT PLATFORM_NO
    FROM PLATFORM
    WHERE PLATFORM_NAME = '넷플릭스'
    ) F
WHERE C.CONTENTS_TITLE = '세얼간이'
;

INSERT INTO CONTENTS_PLATFORM
SELECT C.CONTENTS_NO, F.PLATFORM_NO
FROM CONTENTS C,
    (
    SELECT PLATFORM_NO
    FROM PLATFORM
    WHERE PLATFORM_NAME = '넷플릭스'
    ) F
WHERE C.CONTENTS_TITLE = '더 글로리'
;

INSERT INTO CONTENTS_PLATFORM
SELECT C.CONTENTS_NO, F.PLATFORM_NO
FROM CONTENTS C,
    (
    SELECT PLATFORM_NO
    FROM PLATFORM
    WHERE PLATFORM_NAME = '아마존 프라임 비디오'
    ) F
WHERE C.CONTENTS_TITLE = '셜록'
;

INSERT INTO CONTENTS_PLATFORM
SELECT C.CONTENTS_NO, F.PLATFORM_NO
FROM CONTENTS C,
    (
    SELECT PLATFORM_NO
    FROM PLATFORM
    WHERE PLATFORM_NAME = '웨이브'
        OR PLATFORM_NAME = '네이버 스토어'
    ) F
WHERE C.CONTENTS_TITLE = '고독한 미식가'
;

INSERT INTO CONTENTS_PLATFORM
SELECT C.CONTENTS_NO, F.PLATFORM_NO
FROM CONTENTS C,
    (
    SELECT PLATFORM_NO
    FROM PLATFORM
    WHERE PLATFORM_NAME = '넷플릭스'
    ) F
WHERE C.CONTENTS_TITLE = '피지컬100'
;

INSERT INTO CONTENTS_PLATFORM
SELECT C.CONTENTS_NO, F.PLATFORM_NO
FROM CONTENTS C,
    (
    SELECT PLATFORM_NO
    FROM PLATFORM
    WHERE PLATFORM_NAME = '웨이브'
        OR PLATFORM_NAME = '왓챠'
    ) F
WHERE C.CONTENTS_TITLE = '런닝맨'
;

-- 출연자

CREATE SEQUENCE STARRING_NO_SEQ
    INCREMENT BY 1
    START WITH 1
    MINVALUE 1
    MAXVALUE 9999
    NOCYCLE
;

INSERT INTO STARRING VALUES( STARRING_NO_SEQ.NEXTVAL, '샘 워딩턴');
INSERT INTO STARRING VALUES( STARRING_NO_SEQ.NEXTVAL, '조 샐다나');
INSERT INTO STARRING VALUES( STARRING_NO_SEQ.NEXTVAL, '시고니 위버');
INSERT INTO STARRING VALUES( STARRING_NO_SEQ.NEXTVAL, '마일스 쿼리치');

INSERT INTO STARRING VALUES( STARRING_NO_SEQ.NEXTVAL, '송강호');
INSERT INTO STARRING VALUES( STARRING_NO_SEQ.NEXTVAL, '이선균');
INSERT INTO STARRING VALUES( STARRING_NO_SEQ.NEXTVAL, '조여정');
INSERT INTO STARRING VALUES( STARRING_NO_SEQ.NEXTVAL, '최우식');
INSERT INTO STARRING VALUES( STARRING_NO_SEQ.NEXTVAL, '박소담');
INSERT INTO STARRING VALUES( STARRING_NO_SEQ.NEXTVAL, '장혜진');
INSERT INTO STARRING VALUES( STARRING_NO_SEQ.NEXTVAL, '이정은');
INSERT INTO STARRING VALUES( STARRING_NO_SEQ.NEXTVAL, '박명훈');

INSERT INTO STARRING VALUES( STARRING_NO_SEQ.NEXTVAL, '카미키 류노스케');
INSERT INTO STARRING VALUES( STARRING_NO_SEQ.NEXTVAL, '카미시라이시 모네');

INSERT INTO STARRING VALUES( STARRING_NO_SEQ.NEXTVAL, '아미르 칸');
INSERT INTO STARRING VALUES( STARRING_NO_SEQ.NEXTVAL, 'R 마드하반');
INSERT INTO STARRING VALUES( STARRING_NO_SEQ.NEXTVAL, '샤르만 조쉬');

INSERT INTO STARRING VALUES( STARRING_NO_SEQ.NEXTVAL, '송중기');
INSERT INTO STARRING VALUES( STARRING_NO_SEQ.NEXTVAL, '이성빈');
INSERT INTO STARRING VALUES( STARRING_NO_SEQ.NEXTVAL, '신현빈');

INSERT INTO STARRING VALUES( STARRING_NO_SEQ.NEXTVAL, '송혜교');
INSERT INTO STARRING VALUES( STARRING_NO_SEQ.NEXTVAL, '이도현');
INSERT INTO STARRING VALUES( STARRING_NO_SEQ.NEXTVAL, '임지연');
INSERT INTO STARRING VALUES( STARRING_NO_SEQ.NEXTVAL, '염혜란');
INSERT INTO STARRING VALUES( STARRING_NO_SEQ.NEXTVAL, '박성훈');
INSERT INTO STARRING VALUES( STARRING_NO_SEQ.NEXTVAL, '정성일');

INSERT INTO STARRING VALUES( STARRING_NO_SEQ.NEXTVAL, '베네딕트 컴버배치');
INSERT INTO STARRING VALUES( STARRING_NO_SEQ.NEXTVAL, '마틴 프리먼');

INSERT INTO STARRING VALUES( STARRING_NO_SEQ.NEXTVAL, '마츠시게 유타카');

INSERT INTO STARRING VALUES( STARRING_NO_SEQ.NEXTVAL, '유재석');
INSERT INTO STARRING VALUES( STARRING_NO_SEQ.NEXTVAL, '지석진');
INSERT INTO STARRING VALUES( STARRING_NO_SEQ.NEXTVAL, '김종국');
INSERT INTO STARRING VALUES( STARRING_NO_SEQ.NEXTVAL, '하하');
INSERT INTO STARRING VALUES( STARRING_NO_SEQ.NEXTVAL, '송지효');
INSERT INTO STARRING VALUES( STARRING_NO_SEQ.NEXTVAL, '양세찬');
INSERT INTO STARRING VALUES( STARRING_NO_SEQ.NEXTVAL, '전소민');

INSERT INTO STARRING VALUES( STARRING_NO_SEQ.NEXTVAL, '추성훈');
INSERT INTO STARRING VALUES( STARRING_NO_SEQ.NEXTVAL, '윤성빈');
INSERT INTO STARRING VALUES( STARRING_NO_SEQ.NEXTVAL, '에이전트H');
INSERT INTO STARRING VALUES( STARRING_NO_SEQ.NEXTVAL, '양학선');
INSERT INTO STARRING VALUES( STARRING_NO_SEQ.NEXTVAL, '장은실');



-- CONTENTS X STARRING

INSERT INTO CONTENTS_STARRING
SELECT C.CONTENTS_NO, S.STARRING_NO
FROM CONTENTS C,
    (
    SELECT STARRING_NO
    FROM STARRING
    WHERE STARRING_NAME = '샘 워딩턴'
        OR STARRING_NAME = '조 샐다나'   
        OR STARRING_NAME = '시고니 위버'
        OR STARRING_NAME = '마일스 쿼리치'
    ) S
WHERE C.CONTENTS_TITLE = '아바타: 물의 길'
;

INSERT INTO CONTENTS_STARRING
SELECT C.CONTENTS_NO, S.STARRING_NO
FROM CONTENTS C,
    (
    SELECT STARRING_NO
    FROM STARRING
    WHERE STARRING_NAME = '송강호'
        OR STARRING_NAME = '이선균'   
        OR STARRING_NAME = '조여정'
        OR STARRING_NAME = '최우식'
        OR STARRING_NAME = '박소담'
        OR STARRING_NAME = '장혜진'
        OR STARRING_NAME = '이정은'
        OR STARRING_NAME = '방명훈'
    ) S
WHERE C.CONTENTS_TITLE = '기생충'
;

INSERT INTO CONTENTS_STARRING
SELECT C.CONTENTS_NO, S.STARRING_NO
FROM CONTENTS C,
    (
    SELECT STARRING_NO
    FROM STARRING
    WHERE STARRING_NAME = '카미키 류노스케'
        OR STARRING_NAME = '카미시라이시 모네'
    ) S
WHERE C.CONTENTS_TITLE = '너의 이름은.'
;

INSERT INTO CONTENTS_STARRING
SELECT C.CONTENTS_NO, S.STARRING_NO
FROM CONTENTS C,
    (
    SELECT STARRING_NO
    FROM STARRING
    WHERE STARRING_NAME = '아미르 칸'
        OR STARRING_NAME = 'R 마드하반'   
        OR STARRING_NAME = '샤르만 조쉬'
    ) S
WHERE C.CONTENTS_TITLE = '세얼간이'
;

INSERT INTO CONTENTS_STARRING
SELECT C.CONTENTS_NO, S.STARRING_NO
FROM CONTENTS C,
    (
    SELECT STARRING_NO
    FROM STARRING
    WHERE STARRING_NAME = '송중기'
        OR STARRING_NAME = '이성민'   
        OR STARRING_NAME = '신현빈'
    ) S
WHERE C.CONTENTS_TITLE = '재벌집 막내아들'
;

INSERT INTO CONTENTS_STARRING
SELECT C.CONTENTS_NO, S.STARRING_NO
FROM CONTENTS C,
    (
    SELECT STARRING_NO
    FROM STARRING
    WHERE STARRING_NAME = '송혜교'
        OR STARRING_NAME = '이도현'   
        OR STARRING_NAME = '임지연'
        OR STARRING_NAME = '염혜란'
        OR STARRING_NAME = '박성훈'
        OR STARRING_NAME = '정성일'
    ) S
WHERE C.CONTENTS_TITLE = '더 글로리'
;

INSERT INTO CONTENTS_STARRING
SELECT C.CONTENTS_NO, S.STARRING_NO
FROM CONTENTS C,
    (
    SELECT STARRING_NO
    FROM STARRING
    WHERE STARRING_NAME = '베네딕트 컴버배치'
        OR STARRING_NAME = '마틴 프리먼'
    ) S
WHERE C.CONTENTS_TITLE = '셜록'
;

INSERT INTO CONTENTS_STARRING
SELECT C.CONTENTS_NO, S.STARRING_NO
FROM CONTENTS C,
    (
    SELECT STARRING_NO
    FROM STARRING
    WHERE STARRING_NAME = '마츠시게 유타카'
    ) S
WHERE C.CONTENTS_TITLE = '고독한 미식가'
;

INSERT INTO CONTENTS_STARRING
SELECT C.CONTENTS_NO, S.STARRING_NO
FROM CONTENTS C,
    (
    SELECT STARRING_NO
    FROM STARRING
    WHERE STARRING_NAME = '유재석'
        OR STARRING_NAME = '지석진'   
        OR STARRING_NAME = '김종국'
        OR STARRING_NAME = '하하'
        OR STARRING_NAME = '송지효'
        OR STARRING_NAME = '양세찬'
        OR STARRING_NAME = '전소민'
    ) S
WHERE C.CONTENTS_TITLE = '런닝맨'
;

INSERT INTO CONTENTS_STARRING
SELECT C.CONTENTS_NO, S.STARRING_NO
FROM CONTENTS C,
    (
    SELECT STARRING_NO
    FROM STARRING
    WHERE STARRING_NAME = '추성훈'
        OR STARRING_NAME = '윤성빈'   
        OR STARRING_NAME = '에이전트H'
        OR STARRING_NAME = '양학선'
        OR STARRING_NAME = '장은실'
    ) S
WHERE C.CONTENTS_TITLE = '피지컬100'
;


-- 관리자

-- 시퀀스 삭제
DROP SEQUENCE SEQ_ADMIN_NO;

-- 시퀀스 생성
CREATE 
    SEQUENCE SEQ_ADMIN_NO
    INCREMENT BY 1 --증가숫자 
    START WITH 1 --시작숫자 
    NOCYCLE; --순환 안함 

-- 유니크 제약조건 
ALTER TABLE "ADMIN" ADD CONSTRAINT "UNQ_ADMIN_ID" UNIQUE ("ADMIN_ID");

-- ADMIN 인서트 
INSERT INTO ADMIN (ADMIN_NO, PERMISSION_NO, ADMIN_ID, ADMIN_PWD, ADMIN_NAME) 
VALUES (SEQ_ADMIN_NO.NEXTVAL, 1, 'admin1', 'password1', '총괄운영자');

INSERT INTO ADMIN (ADMIN_NO, PERMISSION_NO, ADMIN_ID, ADMIN_PWD, ADMIN_NAME) 
VALUES (SEQ_ADMIN_NO.NEXTVAL, 2, 'admin2', 'password2', '매니저1');

INSERT INTO ADMIN (ADMIN_NO, PERMISSION_NO, ADMIN_ID, ADMIN_PWD, ADMIN_NAME) 
VALUES (SEQ_ADMIN_NO.NEXTVAL, 3, 'admin3', 'password3', '매니저2');

INSERT INTO ADMIN (ADMIN_NO, PERMISSION_NO, ADMIN_ID, ADMIN_PWD, ADMIN_NAME) 
VALUES (SEQ_ADMIN_NO.NEXTVAL, 4, 'admin4', 'password4', '매니저3');

INSERT INTO ADMIN (ADMIN_NO, PERMISSION_NO, ADMIN_ID, ADMIN_PWD, ADMIN_NAME) 
VALUES (SEQ_ADMIN_NO.NEXTVAL, 5, 'admin5', 'password5', '매니저4');

INSERT INTO ADMIN (ADMIN_NO, PERMISSION_NO, ADMIN_ID, ADMIN_PWD, ADMIN_NAME) 
VALUES (SEQ_ADMIN_NO.NEXTVAL, 6, 'admin6', 'password6', '매니저5');

INSERT INTO ADMIN (ADMIN_NO, PERMISSION_NO, ADMIN_ID, ADMIN_PWD, ADMIN_NAME)
VALUES (SEQ_ADMIN_NO.NEXTVAL, 7, 'admin7', 'password7', '매니저6');


-- PERMISSION 인서트
-- PERMISSION_NO > 각 관리자에게 해당 권한 부여
-- PERMISSIONS > 각 권한 이름(권한에 대한 설명 정보) 저장용 
INSERT INTO PERMISSION (PERMISSION_NO, PERMISSION_NAME, PERMISSIONS) 
VALUES (1, '권한부여 및 유저관리 및 총 운영', 1);

INSERT INTO PERMISSION (PERMISSION_NO, PERMISSION_NAME, PERMISSIONS) 
VALUES (2, '게시글 및 리뷰 및 컨텐츠 관리', 2);

INSERT INTO PERMISSION (PERMISSION_NO, PERMISSION_NAME, PERMISSIONS) 
VALUES (3, '게시글 및 컨텐츠 관리', 3);

INSERT INTO PERMISSION (PERMISSION_NO, PERMISSION_NAME, PERMISSIONS) 
VALUES (4, '리뷰 및 컨텐츠 관리', 4);

INSERT INTO PERMISSION (PERMISSION_NO, PERMISSION_NAME, PERMISSIONS) 
VALUES (5, '컨텐츠 관리', 5);

INSERT INTO PERMISSION (PERMISSION_NO, PERMISSION_NAME, PERMISSIONS) 
VALUES (6, '문의 및 공지 관리', 6);

INSERT INTO PERMISSION (PERMISSION_NO, PERMISSION_NAME, PERMISSIONS)
VALUES (7, '이벤트 관리', 7);

-- SANCTION_CATEGORY 인서트
INSERT INTO SANCTION_CATEGORY (SANC_CAT_NO, SANC_CAT_NAME)
VALUES (1, '스팸홍보/도배글');

INSERT INTO SANCTION_CATEGORY (SANC_CAT_NO, SANC_CAT_NAME)
VALUES (2, '욕설/생명경시/혐오/차별적 표현');

INSERT INTO SANCTION_CATEGORY (SANC_CAT_NO, SANC_CAT_NAME)
VALUES (3, '음란물');

INSERT INTO SANCTION_CATEGORY (SANC_CAT_NO, SANC_CAT_NAME)
VALUES (4, '불법정보 포함');

INSERT INTO SANCTION_CATEGORY (SANC_CAT_NO, SANC_CAT_NAME)
VALUES (5, '기타');

-- MEMBER_SANCTION 컬럼 제약조건 변경
ALTER TABLE MEMBER_SANCTION
MODIFY (BOARD_SANC_NO NULL);

ALTER TABLE MEMBER_SANCTION
MODIFY (REVIEW_SANC_NO NULL);

-- SANCTION_NO 시퀀스 제거 및 생성
DROP SEQUENCE SEQ_SANCTION_NO;
CREATE SEQUENCE SEQ_SANCTION_NO
  START WITH 1
  INCREMENT BY 1
  NOCACHE
  NOCYCLE;

-- MEMBER_SANCTION 인서트
INSERT INTO MEMBER_SANCTION (SANCTION_NO, ADMIN_NO, MEMBER_NO, SANC_CAT_NO, SANCTION_DATE, EXPIRATION_DATE, SANC_TYPE, BOARD_SANC_NO, REVIEW_SANC_NO)
VALUES (SEQ_SANCTION_NO.NEXTVAL, 1, 2, 1, '2022-02-15', '2022-03-01', '게시글', NULL, 1);

INSERT INTO MEMBER_SANCTION (SANCTION_NO, ADMIN_NO, MEMBER_NO, SANC_CAT_NO, SANCTION_DATE, EXPIRATION_DATE, SANC_TYPE, BOARD_SANC_NO, REVIEW_SANC_NO)
VALUES (SEQ_SANCTION_NO.NEXTVAL, 2, 1, 3, '2022-07-02', '2022-07-30', '게시글', 2, NULL);

INSERT INTO MEMBER_SANCTION (SANCTION_NO, ADMIN_NO, MEMBER_NO, SANC_CAT_NO, SANCTION_DATE, EXPIRATION_DATE, SANC_TYPE, BOARD_SANC_NO, REVIEW_SANC_NO)
VALUES (SEQ_SANCTION_NO.NEXTVAL, 3, 2, 2, '2022-12-28', '2023-01-28', '리뷰', 3, 2);

-- 제약조건 조회
SELECT * FROM USER_CONSTRAINTS
WHERE TABLE_NAME = 'MEMBER_SANCTION';

-- BOARD_SANC_NO 시퀀스 삭제 및 생성
DROP SEQUENCE SEQ_BOARD_SANC_NO;
CREATE SEQUENCE SEQ_BOARD_SANC_NO
    START WITH 1
    INCREMENT BY 1;

-- BOARD_SANCTION 인서트
INSERT INTO BOARD_SANCTION (BOARD_SANC_NO, BOARD_NO, SANC_CAT_NO)
VALUES (SEQ_BOARD_SANC_NO.NEXTVAL, 1, 1);

INSERT INTO BOARD_SANCTION (BOARD_SANC_NO, BOARD_NO, SANC_CAT_NO)
VALUES (SEQ_BOARD_SANC_NO.NEXTVAL, 2, 2);

-- REVIEW_SANC_NO 시퀀스 삭제 및 생성
DROP SEQUENCE SEQ_REVIEW_SANC_NO;
CREATE SEQUENCE SEQ_REVIEW_SANC_NO
    START WITH 1
    INCREMENT BY 1;

-- REVIEW_SANCTION 인서트
INSERT INTO REVIEW_SANCTION (REVIEW_SANC_NO, REVIEW_NO, SANC_CAT_NO)
VALUES (SEQ_REVIEW_SANC_NO.NEXTVAL, 1, 3);

INSERT INTO REVIEW_SANCTION (REVIEW_SANC_NO, REVIEW_NO, SANC_CAT_NO)
VALUES (SEQ_REVIEW_SANC_NO.NEXTVAL, 2, 4);


-- 문의게시판

INSERT INTO QA_CATEGORY(CATEGORY_CODE, CATEGORY_NAME) VALUES(1, '컨텐츠관련문의');
INSERT INTO QA_CATEGORY(CATEGORY_CODE, CATEGORY_NAME) VALUES(2, '이벤트관련문의');
INSERT INTO QA_CATEGORY(CATEGORY_CODE, CATEGORY_NAME) VALUES(3, '회원관련문의');
INSERT INTO QA_CATEGORY(CATEGORY_CODE, CATEGORY_NAME) VALUES(4, '오류/에러문의');
INSERT INTO QA_CATEGORY(CATEGORY_CODE, CATEGORY_NAME) VALUES(5, '기타문의');

INSERT INTO DETAIL_CATEGORY(DETAIL_CATEGORY_CODE, DETAIL_CATEGORY_NAME) VALUES(101, '컨텐츠추가');
INSERT INTO DETAIL_CATEGORY(DETAIL_CATEGORY_CODE, DETAIL_CATEGORY_NAME) VALUES(102, '컨텐츠삭제');
INSERT INTO DETAIL_CATEGORY(DETAIL_CATEGORY_CODE, DETAIL_CATEGORY_NAME) VALUES(103, '컨텐츠수정');
INSERT INTO DETAIL_CATEGORY(DETAIL_CATEGORY_CODE, DETAIL_CATEGORY_NAME) VALUES(201, '상품지급');
INSERT INTO DETAIL_CATEGORY(DETAIL_CATEGORY_CODE, DETAIL_CATEGORY_NAME) VALUES(202, '점수관련');
INSERT INTO DETAIL_CATEGORY(DETAIL_CATEGORY_CODE, DETAIL_CATEGORY_NAME) VALUES(301, '로그인문제');
INSERT INTO DETAIL_CATEGORY(DETAIL_CATEGORY_CODE, DETAIL_CATEGORY_NAME) VALUES(302, '개인정보관련');
INSERT INTO DETAIL_CATEGORY(DETAIL_CATEGORY_CODE, DETAIL_CATEGORY_NAME) VALUES(303, '제재관련');
INSERT INTO DETAIL_CATEGORY(DETAIL_CATEGORY_CODE, DETAIL_CATEGORY_NAME) VALUES(401, '홈페이지오류/에러');
INSERT INTO DETAIL_CATEGORY(DETAIL_CATEGORY_CODE, DETAIL_CATEGORY_NAME) VALUES(402, '접속오류/에러');
INSERT INTO DETAIL_CATEGORY(DETAIL_CATEGORY_CODE, DETAIL_CATEGORY_NAME) VALUES(501, '기타');

DROP SEQUENCE SEQ_Q_NO;
CREATE SEQUENCE SEQ_Q_NO;


DROP SEQUENCE SEQ_A_NO;
CREATE SEQUENCE SEQ_A_NO;


DROP SEQUENCE SEQ_FAQ_NO;
CREATE SEQUENCE SEQ_FAQ_NO;

INSERT INTO FAQ(FAQ_NO, ADMIN_NO, FAQ_TITLE, FAQ_CONTENT
, FAQ_SOLUTION, GOOD_COUNT, BAD_COUNT)
VALUES (SEQ_FAQ_NO.NEXTVAL, 1, '로그인이 안돼요', '아이디, 비밀번호를 확인하라는 메세지가 뜰 경우',
'아이디 및 비밀번호 정보를 확인한 후 잊어버린 경우 비밀번호를 변경해야 합니다.', 0, 0);

INSERT INTO FAQ(FAQ_NO, ADMIN_NO, FAQ_TITLE, FAQ_CONTENT
, FAQ_SOLUTION, GOOD_COUNT, BAD_COUNT)
VALUES (SEQ_FAQ_NO.NEXTVAL, 1, '계정 정보 변경은 어떻게 하나요?', '이메일, 닉네임, 비밀번호 등 개인정보를 변경하고 싶은 경우',
'회원정보 관리 페이지에 들어가 변경하려는 계정 정보를 확인 후 변경하면 됩니다.', 0, 0);

INSERT INTO FAQ(FAQ_NO, ADMIN_NO, FAQ_TITLE, FAQ_CONTENT
, FAQ_SOLUTION, GOOD_COUNT, BAD_COUNT)
VALUES (SEQ_FAQ_NO.NEXTVAL, 1, '계정을 삭제하고 싶습니다', '회원탈퇴를 하고 싶은 경우',
'회원정보 관리 페이지에 들어가 하단에 있는 회원탈퇴를 누른 뒤 계정 삭제를 진행하면 됩니다.', 0, 0);

INSERT INTO FAQ(FAQ_NO, ADMIN_NO, FAQ_TITLE, FAQ_CONTENT
, FAQ_SOLUTION, GOOD_COUNT, BAD_COUNT)
VALUES (SEQ_FAQ_NO.NEXTVAL, 1, '이벤트에 참여했는데 점수가 갱신되지 않습니다', '이벤트 점수 오류가 발생한 경우',
'불법프로그램을 사용하여 이벤트에 참여한 경우 점수가 갱신되지 않습니다. 해당 문제가 발생한 경우 고객센터 02-123-4567 로 자세한 문의 바랍니다.', 0, 0);

INSERT INTO FAQ(FAQ_NO, ADMIN_NO, FAQ_TITLE, FAQ_CONTENT
, FAQ_SOLUTION, GOOD_COUNT, BAD_COUNT)
VALUES (SEQ_FAQ_NO.NEXTVAL, 1, '이벤트에 당첨됐는데 상품은 언제주나요?', '이벤트 참여 후 상품지급에 대해 문의할 경우',
'상품 지급은 이벤트 점수 확인 후 주말(공휴일 포함)제외 최대 일주일 정도 소요됩니다. 일정 기간이 지난 후 상품지급이 되지 않았을 경우 고객센터 문의 바랍니다.', 0, 0);

INSERT INTO FAQ(FAQ_NO, ADMIN_NO, FAQ_TITLE, FAQ_CONTENT
, FAQ_SOLUTION, GOOD_COUNT, BAD_COUNT)
VALUES (SEQ_FAQ_NO.NEXTVAL, 1, '컨텐츠 추가를 요청합니다/컨텐츠 정보 수정을 요청합니다', '컨텐츠의 정보수정 및 추가를 요청할 경우',
'컨텐츠 추가/정보 수정에 대한 요청은 문의게시판의 컨텐츠관련문의 카테고리를 이용해주시면 됩니다.', 0, 0);

DROP SEQUENCE SEQ_BOARD_BOARD_NO ;
CREATE SEQUENCE SEQ_BOARD_BOARD_NO ;  
DROP SEQUENCE SEQ_MEMBER_MEMBER_NO;
CREATE SEQUENCE SEQ_MEMBER_MEMBER_NO;
DROP SEQUENCE SEQ_COMMENT_COMMENT_NO;
CREATE SEQUENCE SEQ_COMMENT_COMMENT_NO;



--테스트용 게시물 2개 
INSERT INTO FREEBOARD (BOARD_NO,MEMBER_NO,TITLE,CONTENT ) VALUES(SEQ_MEMBER_MEMBER_NO.NEXTVAL,'1','테스트용제목','테스트용내용');
INSERT INTO FREEBOARD (BOARD_NO,MEMBER_NO,TITLE,CONTENT ) VALUES(SEQ_MEMBER_MEMBER_NO.NEXTVAL,'1','테스트용제목2','테스트용내용2');
--테스트용 삭제 게시물
INSERT INTO FREEBOARD (BOARD_NO,MEMBER_NO,TITLE,CONTENT,DELETE_YN)VALUES(SEQ_MEMBER_MEMBER_NO.NEXTVAL,1,'삭제된테스트용','삭제내용','Y');


INSERT INTO "COMMENT"(COMMENT_NO,BOARD_NO,MEMBER_NO,C_CHAT)VALUES (SEQ_COMMENT_COMMENT_NO.NEXTVAL,'1','1','테스트댓글');
INSERT INTO "COMMENT"(COMMENT_NO,BOARD_NO,MEMBER_NO,C_CHAT)VALUES (SEQ_COMMENT_COMMENT_NO.NEXTVAL,'1','1','테스트댓글2');


-- 이벤트 게시판 더미 데이터
-- 이벤트 게시판 시퀀스 생성
-- 이벤트 1 점수번호 시퀀스 만들기
-- 이벤트 2 점수번호 시퀀스 만들기

DROP SEQUENCE  EVENTBOARD_NO;
CREATE SEQUENCE EVENTBOARD_NO
INCREMENT BY 1
START WITH 1
;

DROP SEQUENCE EVENT1_SCORE_NO;
CREATE SEQUENCE EVENT1_SCORE_NO
INCREMENT BY 1
START WITH 1
;

DROP SEQUENCE EVENT2_SCORE_NO;
CREATE SEQUENCE EVENT2_SCORE_NO
INCREMENT BY 1
START WITH 1
;

-- 이벤트 게시판 더미 데이터 넣기
INSERT INTO EVENTBOARD VALUES(
    EVENTBOARD_NO.NEXTVAL, 7, '리뷰를 10개 이상 쓰신 분들께 CGV 5000원 할인 쿠폰을 드립니다~!!', '안녕하세요. 관리자입니다. 여러분 잘 지내시나요? 다름이 아니라 돌아오는 3월부터 5월까지 리뷰를 10개 이상 쓰신 모든 분들께 CGV 5000원 쿠폰을 드립니다. 리뷰 많이 작성해주시고 5000원 쿠폰 꼭 받으세요~', TO_TIMESTAMP('2023-02-20', 'YYYY-MM-DD'), TO_TIMESTAMP('2023-05-30', 'YYYY-MM-DD') 
);

INSERT INTO EVENTBOARD VALUES (
    EVENTBOARD_NO.NEXTVAL, 7, '가위바위보 게임', '안녕하세요. 관리자입니다. 여러분 잘 지내시죠? 제가 준비한 이벤트는 바로 가위바위보 게임입니다! 컴퓨터와 5번 게임을 해서 크레딧이 500점 이상이면 CGV 팝콘과 음료 세트 쿠폰을 드립니다~ 많은 분들 참여 부탁드립니다~', TO_TIMESTAMP('2023-03-01', 'YYYY-MM-DD'), TO_TIMESTAMP('2023-12-30', 'YYYY-MM-DD')
);




INSERT INTO EVENT1_ENTRANT_SCORE VALUES(
    EVENT1_SCORE_NO.NEXTVAL, 1, 1, 20, SYSDATE
);

INSERT INTO EVENT1_ENTRANT_SCORE VALUES(
    EVENT1_SCORE_NO.NEXTVAL, 1, 3, 15, SYSDATE
);

INSERT INTO EVENT2_ENTRANT_SCORE VALUES(
    EVENT2_SCORE_NO.NEXTVAL, 2, 2, 7, SYSDATE
);

INSERT INTO EVENT2_ENTRANT_SCORE VALUES(
    EVENT2_SCORE_NO.NEXTVAL, 2, 5,10, SYSDATE
);

